region,year,month,variable,value
LIMA,1990,Jan,pr,1.5890662
LIMA,1990,Jan,tmmx,26.063233150000002
LIMA,1990,Feb,pr,3.2791527
LIMA,1990,Feb,tmmx,26.58641166
LIMA,1990,Mar,pr,2.7756678
LIMA,1990,Mar,tmmx,26.254858510000005
LIMA,1990,Apr,pr,1.1626963
LIMA,1990,Apr,tmmx,25.31810347
LIMA,1990,May,pr,0.7044098
LIMA,1990,May,tmmx,23.46419671
LIMA,1990,Jun,pr,0.9811045
LIMA,1990,Jun,tmmx,21.581026120000004
LIMA,1990,Jul,pr,0.0560488
LIMA,1990,Jul,tmmx,20.001489520000003
LIMA,1990,Aug,pr,0.8545588
LIMA,1990,Aug,tmmx,19.890719920000002
LIMA,1990,Sep,pr,2.5878755
LIMA,1990,Sep,tmmx,20.724628690000003
LIMA,1990,Oct,pr,0.1334752
LIMA,1990,Oct,tmmx,22.21610868
LIMA,1990,Nov,pr,0.6297219
LIMA,1990,Nov,tmmx,23.73626789
LIMA,1990,Dec,pr,1.6436304
LIMA,1990,Dec,tmmx,25.608782989999998
LIMA,1991,Jan,pr,0.8159919
LIMA,1991,Jan,tmmx,26.18243053
LIMA,1991,Feb,pr,0.5136373
LIMA,1991,Feb,tmmx,26.72844028
LIMA,1991,Mar,pr,2.7168604
LIMA,1991,Mar,tmmx,27.24149274
LIMA,1991,Apr,pr,0.910468
LIMA,1991,Apr,tmmx,25.638851849999998
LIMA,1991,May,pr,0.1737536
LIMA,1991,May,tmmx,23.0411013
LIMA,1991,Jun,pr,1.0033009
LIMA,1991,Jun,tmmx,21.19102022
LIMA,1991,Jul,pr,0.6235375
LIMA,1991,Jul,tmmx,20.375869870000002
LIMA,1991,Aug,pr,1.3775311
LIMA,1991,Aug,tmmx,19.841639330000003
LIMA,1991,Sep,pr,7.5516042
LIMA,1991,Sep,tmmx,20.99643166
LIMA,1991,Oct,pr,0.0108586
LIMA,1991,Oct,tmmx,22.236131900000004
LIMA,1991,Nov,pr,0.3988053
LIMA,1991,Nov,tmmx,23.53019854
LIMA,1991,Dec,pr,1.4933431
LIMA,1991,Dec,tmmx,25.608013130000003
LIMA,1992,Jan,pr,0.540371
LIMA,1992,Jan,tmmx,27.26806387
LIMA,1992,Feb,pr,0.0468883
LIMA,1992,Feb,tmmx,27.7753156
LIMA,1992,Mar,pr,0.0456775
LIMA,1992,Mar,tmmx,28.61570475
LIMA,1992,Apr,pr,0.8911805
LIMA,1992,Apr,tmmx,27.1244511
LIMA,1992,May,pr,0
LIMA,1992,May,tmmx,24.48759189
LIMA,1992,Jun,pr,0.3555186
LIMA,1992,Jun,tmmx,21.56731616
LIMA,1992,Jul,pr,2.530589
LIMA,1992,Jul,tmmx,19.940418960000002
LIMA,1992,Aug,pr,3.3488321
LIMA,1992,Aug,tmmx,20.032252260000003
LIMA,1992,Sep,pr,0
LIMA,1992,Sep,tmmx,20.7750498
LIMA,1992,Oct,pr,0
LIMA,1992,Oct,tmmx,22.10023881
LIMA,1992,Nov,pr,0.3988053
LIMA,1992,Nov,tmmx,23.416805780000004
LIMA,1992,Dec,pr,0.1415591
LIMA,1992,Dec,tmmx,25.10308038
LIMA,1993,Jan,pr,1.7098746
LIMA,1993,Jan,tmmx,26.130050340000004
LIMA,1993,Feb,pr,0.0495463
LIMA,1993,Feb,tmmx,27.497742770000002
LIMA,1993,Mar,pr,0.1001705
LIMA,1993,Mar,tmmx,27.198123070000005
LIMA,1993,Apr,pr,1.5514874
LIMA,1993,Apr,tmmx,26.07180457
LIMA,1993,May,pr,1.1731186
LIMA,1993,May,tmmx,23.80336054
LIMA,1993,Jun,pr,0
LIMA,1993,Jun,tmmx,21.893869570000003
LIMA,1993,Jul,pr,2.5340806
LIMA,1993,Jul,tmmx,21.04366365
LIMA,1993,Aug,pr,1.0054179
LIMA,1993,Aug,tmmx,20.76227146
LIMA,1993,Sep,pr,5.6267753
LIMA,1993,Sep,tmmx,21.07086181
LIMA,1993,Oct,pr,3.2552085
LIMA,1993,Oct,tmmx,22.77569858
LIMA,1993,Nov,pr,0.4020122
LIMA,1993,Nov,tmmx,23.476493540000003
LIMA,1993,Dec,pr,2.9914127
LIMA,1993,Dec,tmmx,25.10874312
LIMA,1994,Jan,pr,1.6980884
LIMA,1994,Jan,tmmx,26.487708140000002
LIMA,1994,Feb,pr,3.046044
LIMA,1994,Feb,tmmx,27.44037345
LIMA,1994,Mar,pr,3.7780855
LIMA,1994,Mar,tmmx,27.180514140000003
LIMA,1994,Apr,pr,1.5599055
LIMA,1994,Apr,tmmx,26.009110399999997
LIMA,1994,May,pr,0
LIMA,1994,May,tmmx,23.476497300000002
LIMA,1994,Jun,pr,0
LIMA,1994,Jun,tmmx,21.217003520000002
LIMA,1994,Jul,pr,0.6235375
LIMA,1994,Jul,tmmx,20.52859291
LIMA,1994,Aug,pr,0.1216662
LIMA,1994,Aug,tmmx,20.2215463
LIMA,1994,Sep,pr,2.0110385
LIMA,1994,Sep,tmmx,21.570547700000002
LIMA,1994,Oct,pr,8.7376809
LIMA,1994,Oct,tmmx,22.753395440000002
LIMA,1994,Nov,pr,0.1024431
LIMA,1994,Nov,tmmx,23.73200405
LIMA,1994,Dec,pr,6.3355854
LIMA,1994,Dec,tmmx,25.761937870000004
LIMA,1995,Jan,pr,0
LIMA,1995,Jan,tmmx,27.18254114
LIMA,1995,Feb,pr,0.0406825
LIMA,1995,Feb,tmmx,27.30034083
LIMA,1995,Mar,pr,9.2267646
LIMA,1995,Mar,tmmx,27.020547699999998
LIMA,1995,Apr,pr,1.0905791
LIMA,1995,Apr,tmmx,25.91163208
LIMA,1995,May,pr,0
LIMA,1995,May,tmmx,23.34278291
LIMA,1995,Jun,pr,0.0010605
LIMA,1995,Jun,tmmx,21.519479020000002
LIMA,1995,Jul,pr,0.6235375
LIMA,1995,Jul,tmmx,20.697811100000003
LIMA,1995,Aug,pr,0.5946694
LIMA,1995,Aug,tmmx,20.71345934
LIMA,1995,Sep,pr,3.3854552
LIMA,1995,Sep,tmmx,21.323706740000002
LIMA,1995,Oct,pr,0.3551736
LIMA,1995,Oct,tmmx,22.3904948
LIMA,1995,Nov,pr,0.2598236
LIMA,1995,Nov,tmmx,23.766811020000002
LIMA,1995,Dec,pr,0.2875265
LIMA,1995,Dec,tmmx,25.44283915
LIMA,1996,Jan,pr,1.4103149
LIMA,1996,Jan,tmmx,26.20005155
LIMA,1996,Feb,pr,2.6147931
LIMA,1996,Feb,tmmx,27.096914249999998
LIMA,1996,Mar,pr,0.3855948
LIMA,1996,Mar,tmmx,27.06346135
LIMA,1996,Apr,pr,1.6102156
LIMA,1996,Apr,tmmx,25.54429578
LIMA,1996,May,pr,0
LIMA,1996,May,tmmx,23.31736516
LIMA,1996,Jun,pr,0.8405872
LIMA,1996,Jun,tmmx,20.71835329
LIMA,1996,Jul,pr,1.3962749
LIMA,1996,Jul,tmmx,19.79066032
LIMA,1996,Aug,pr,0.4691291
LIMA,1996,Aug,tmmx,20.148336110000002
LIMA,1996,Sep,pr,0.6202983
LIMA,1996,Sep,tmmx,21.11699291
LIMA,1996,Oct,pr,1.5781392
LIMA,1996,Oct,tmmx,22.68861855
LIMA,1996,Nov,pr,0.0580221
LIMA,1996,Nov,tmmx,23.2699804
LIMA,1996,Dec,pr,0.1662886
LIMA,1996,Dec,tmmx,25.40048313
LIMA,1997,Jan,pr,1.0687841
LIMA,1997,Jan,tmmx,26.276884180000003
LIMA,1997,Feb,pr,2.2984912
LIMA,1997,Feb,tmmx,27.632029160000002
LIMA,1997,Mar,pr,1.4680565
LIMA,1997,Mar,tmmx,27.86105619
LIMA,1997,Apr,pr,0.4369708
LIMA,1997,Apr,tmmx,26.568262540000003
LIMA,1997,May,pr,0.5068475
LIMA,1997,May,tmmx,25.19402462
LIMA,1997,Jun,pr,0
LIMA,1997,Jun,tmmx,22.955016240000003
LIMA,1997,Jul,pr,0.0049064
LIMA,1997,Jul,tmmx,23.00601632
LIMA,1997,Aug,pr,0
LIMA,1997,Aug,tmmx,22.78464534
LIMA,1997,Sep,pr,1.2215011
LIMA,1997,Sep,tmmx,23.00585832
LIMA,1997,Oct,pr,0.0018793
LIMA,1997,Oct,tmmx,24.3228405
LIMA,1997,Nov,pr,0.3988053
LIMA,1997,Nov,tmmx,25.625485680000004
LIMA,1997,Dec,pr,1.3053454
LIMA,1997,Dec,tmmx,28.25761551
LIMA,1998,Jan,pr,3.1148039
LIMA,1998,Jan,tmmx,29.611878410000003
LIMA,1998,Feb,pr,6.4890743
LIMA,1998,Feb,tmmx,30.00921739
LIMA,1998,Mar,pr,51.9243496
LIMA,1998,Mar,tmmx,29.86229831
LIMA,1998,Apr,pr,1.4814415
LIMA,1998,Apr,tmmx,27.95265028
LIMA,1998,May,pr,0
LIMA,1998,May,tmmx,25.230663540000002
LIMA,1998,Jun,pr,0.2587645
LIMA,1998,Jun,tmmx,22.320726640000004
LIMA,1998,Jul,pr,1.3962749
LIMA,1998,Jul,tmmx,21.190016110000002
LIMA,1998,Aug,pr,1.0054179
LIMA,1998,Aug,tmmx,20.73296346
LIMA,1998,Sep,pr,0
LIMA,1998,Sep,tmmx,21.025052080000002
LIMA,1998,Oct,pr,0.0012793
LIMA,1998,Oct,tmmx,22.16835329
LIMA,1998,Nov,pr,0.3988053
LIMA,1998,Nov,tmmx,23.738395840000003
LIMA,1998,Dec,pr,0.1943002
LIMA,1998,Dec,tmmx,25.37320563
LIMA,1999,Jan,pr,0.8607109
LIMA,1999,Jan,tmmx,25.815466350000005
LIMA,1999,Feb,pr,12.9232529
LIMA,1999,Feb,tmmx,27.23893025
LIMA,1999,Mar,pr,3.6316415
LIMA,1999,Mar,tmmx,27.02173115
LIMA,1999,Apr,pr,1.2612318
LIMA,1999,Apr,tmmx,25.51695613
LIMA,1999,May,pr,0.0019089
LIMA,1999,May,tmmx,22.479901870000003
LIMA,1999,Jun,pr,0
LIMA,1999,Jun,tmmx,20.490367680000002
LIMA,1999,Jul,pr,0.2932276
LIMA,1999,Jul,tmmx,19.373955350000003
LIMA,1999,Aug,pr,0
LIMA,1999,Aug,tmmx,19.618982740000003
LIMA,1999,Sep,pr,0.4970212
LIMA,1999,Sep,tmmx,20.34661557
LIMA,1999,Oct,pr,0
LIMA,1999,Oct,tmmx,21.771129350000002
LIMA,1999,Nov,pr,0.3988053
LIMA,1999,Nov,tmmx,23.25104706
LIMA,1999,Dec,pr,0
LIMA,1999,Dec,tmmx,24.98418651
LIMA,2000,Jan,pr,0.003207
LIMA,2000,Jan,tmmx,25.97759162
LIMA,2000,Feb,pr,95.8018176
LIMA,2000,Feb,tmmx,27.54596223
LIMA,2000,Mar,pr,0.0139273
LIMA,2000,Mar,tmmx,27.382602090000002
LIMA,2000,Apr,pr,1.650102
LIMA,2000,Apr,tmmx,26.12994698
LIMA,2000,May,pr,0.2002242
LIMA,2000,May,tmmx,22.85367828
LIMA,2000,Jun,pr,0.1788815
LIMA,2000,Jun,tmmx,20.734090260000002
LIMA,2000,Jul,pr,0.5498752
LIMA,2000,Jul,tmmx,20.146761480000002
LIMA,2000,Aug,pr,0.3986133
LIMA,2000,Aug,tmmx,20.40810132
LIMA,2000,Sep,pr,0.1343961
LIMA,2000,Sep,tmmx,20.849355790000004
LIMA,2000,Oct,pr,0.9410463
LIMA,2000,Oct,tmmx,22.572328380000002
LIMA,2000,Nov,pr,0.124853
LIMA,2000,Nov,tmmx,23.26676377
LIMA,2000,Dec,pr,0
LIMA,2000,Dec,tmmx,25.392987220000002
LIMA,2001,Jan,pr,0.3481999
LIMA,2001,Jan,tmmx,26.484907240000002
LIMA,2001,Feb,pr,5.0629836
LIMA,2001,Feb,tmmx,28.02613298
LIMA,2001,Mar,pr,91.5232046
LIMA,2001,Mar,tmmx,28.175215320000003
LIMA,2001,Apr,pr,1.2593538
LIMA,2001,Apr,tmmx,26.27385467
LIMA,2001,May,pr,0
LIMA,2001,May,tmmx,22.60763014
LIMA,2001,Jun,pr,0
LIMA,2001,Jun,tmmx,20.45393186
LIMA,2001,Jul,pr,0.8511786
LIMA,2001,Jul,tmmx,20.1091747
LIMA,2001,Aug,pr,0
LIMA,2001,Aug,tmmx,19.695055980000003
LIMA,2001,Sep,pr,0
LIMA,2001,Sep,tmmx,20.31869305
LIMA,2001,Oct,pr,0
LIMA,2001,Oct,tmmx,22.45691613
LIMA,2001,Nov,pr,0.3939096
LIMA,2001,Nov,tmmx,23.40648831
LIMA,2001,Dec,pr,0
LIMA,2001,Dec,tmmx,25.351924320000002
LIMA,2002,Jan,pr,0.0769257
LIMA,2002,Jan,tmmx,26.86631729
LIMA,2002,Feb,pr,63.9328281
LIMA,2002,Feb,tmmx,28.196918950000004
LIMA,2002,Mar,pr,9.4769525
LIMA,2002,Mar,tmmx,28.74192472
LIMA,2002,Apr,pr,1.7541708
LIMA,2002,Apr,tmmx,26.354810049999998
LIMA,2002,May,pr,0
LIMA,2002,May,tmmx,23.88048809
LIMA,2002,Jun,pr,2.091704
LIMA,2002,Jun,tmmx,21.2451035
LIMA,2002,Jul,pr,0
LIMA,2002,Jul,tmmx,20.280910950000003
LIMA,2002,Aug,pr,0
LIMA,2002,Aug,tmmx,19.960408490000003
LIMA,2002,Sep,pr,0
LIMA,2002,Sep,tmmx,20.873646070000003
LIMA,2002,Oct,pr,0
LIMA,2002,Oct,tmmx,22.414753400000002
LIMA,2002,Nov,pr,0.4222676
LIMA,2002,Nov,tmmx,23.500763820000003
LIMA,2002,Dec,pr,0
LIMA,2002,Dec,tmmx,25.837272000000002
LIMA,2003,Jan,pr,4.3366848
LIMA,2003,Jan,tmmx,27.193853330000003
LIMA,2003,Feb,pr,7.5037654
LIMA,2003,Feb,tmmx,27.760556020000003
LIMA,2003,Mar,pr,8.2689988
LIMA,2003,Mar,tmmx,27.46186203
LIMA,2003,Apr,pr,1.0207265
LIMA,2003,Apr,tmmx,25.84991771
LIMA,2003,May,pr,0.2286278
LIMA,2003,May,tmmx,23.095831340000004
LIMA,2003,Jun,pr,0.4763471
LIMA,2003,Jun,tmmx,20.491122240000003
LIMA,2003,Jul,pr,0.651733
LIMA,2003,Jul,tmmx,19.72667758
LIMA,2003,Aug,pr,1.6754866
LIMA,2003,Aug,tmmx,19.97895106
LIMA,2003,Sep,pr,0.9959997
LIMA,2003,Sep,tmmx,20.53497342
LIMA,2003,Oct,pr,1.0301447
LIMA,2003,Oct,tmmx,22.34417886
LIMA,2003,Nov,pr,0.3668698
LIMA,2003,Nov,tmmx,23.66619365
LIMA,2003,Dec,pr,1.9582181
LIMA,2003,Dec,tmmx,26.00484173
LIMA,2004,Jan,pr,0.0306817
LIMA,2004,Jan,tmmx,26.74844256
LIMA,2004,Feb,pr,0.1120614
LIMA,2004,Feb,tmmx,27.84093981
LIMA,2004,Mar,pr,0.0807327
LIMA,2004,Mar,tmmx,27.48834
LIMA,2004,Apr,pr,1.2067401
LIMA,2004,Apr,tmmx,25.699351630000002
LIMA,2004,May,pr,0
LIMA,2004,May,tmmx,22.32613405
LIMA,2004,Jun,pr,0
LIMA,2004,Jun,tmmx,20.066510460000003
LIMA,2004,Jul,pr,0
LIMA,2004,Jul,tmmx,19.09907925
LIMA,2004,Aug,pr,0
LIMA,2004,Aug,tmmx,19.13542943
LIMA,2004,Sep,pr,0
LIMA,2004,Sep,tmmx,20.092949630000003
LIMA,2004,Oct,pr,0
LIMA,2004,Oct,tmmx,21.70822227
LIMA,2004,Nov,pr,0.3988053
LIMA,2004,Nov,tmmx,22.94318214
LIMA,2004,Dec,pr,0.003207
LIMA,2004,Dec,tmmx,25.02658818
LIMA,2005,Jan,pr,0.0031815
LIMA,2005,Jan,tmmx,26.25814294
LIMA,2005,Feb,pr,0.0518793
LIMA,2005,Feb,tmmx,27.431268160000002
LIMA,2005,Mar,pr,0.0525237
LIMA,2005,Mar,tmmx,27.078811050000002
LIMA,2005,Apr,pr,1.2739214
LIMA,2005,Apr,tmmx,25.763694120000004
LIMA,2005,May,pr,0
LIMA,2005,May,tmmx,22.436510860000002
LIMA,2005,Jun,pr,0
LIMA,2005,Jun,tmmx,20.41570892
LIMA,2005,Jul,pr,0
LIMA,2005,Jul,tmmx,19.72271767
LIMA,2005,Aug,pr,0
LIMA,2005,Aug,tmmx,19.602609740000002
LIMA,2005,Sep,pr,0
LIMA,2005,Sep,tmmx,19.9678554
LIMA,2005,Oct,pr,0
LIMA,2005,Oct,tmmx,21.29131823
LIMA,2005,Nov,pr,0.3952144
LIMA,2005,Nov,tmmx,22.518878570000002
LIMA,2005,Dec,pr,0.003207
LIMA,2005,Dec,tmmx,24.49158899
LIMA,2006,Jan,pr,0.0200701
LIMA,2006,Jan,tmmx,26.192829619999998
LIMA,2006,Feb,pr,0.2410127
LIMA,2006,Feb,tmmx,27.457483420000003
LIMA,2006,Mar,pr,0.0031815
LIMA,2006,Mar,tmmx,27.095594410000004
LIMA,2006,Apr,pr,1.3892891
LIMA,2006,Apr,tmmx,25.27411241
LIMA,2006,May,pr,0
LIMA,2006,May,tmmx,22.263996700000003
LIMA,2006,Jun,pr,0
LIMA,2006,Jun,tmmx,20.688624720000004
LIMA,2006,Jul,pr,0
LIMA,2006,Jul,tmmx,20.182617790000002
LIMA,2006,Aug,pr,0
LIMA,2006,Aug,tmmx,20.40139488
LIMA,2006,Sep,pr,2.1284681
LIMA,2006,Sep,tmmx,20.44164255
LIMA,2006,Oct,pr,0.9201305
LIMA,2006,Oct,tmmx,22.147019890000003
LIMA,2006,Nov,pr,0.4040325
LIMA,2006,Nov,tmmx,23.43293836
LIMA,2006,Dec,pr,0
LIMA,2006,Dec,tmmx,25.11420517
LIMA,2007,Jan,pr,0.003207
LIMA,2007,Jan,tmmx,27.042334820000004
LIMA,2007,Feb,pr,7.2899979
LIMA,2007,Feb,tmmx,27.19819811
LIMA,2007,Mar,pr,0.0139273
LIMA,2007,Mar,tmmx,27.20214165
LIMA,2007,Apr,pr,1.6490201
LIMA,2007,Apr,tmmx,25.49130024
LIMA,2007,May,pr,0
LIMA,2007,May,tmmx,22.018657880000003
LIMA,2007,Jun,pr,0
LIMA,2007,Jun,tmmx,19.955918330000003
LIMA,2007,Jul,pr,0.7672403
LIMA,2007,Jul,tmmx,19.565910270000003
LIMA,2007,Aug,pr,0
LIMA,2007,Aug,tmmx,18.91053843
LIMA,2007,Sep,pr,0
LIMA,2007,Sep,tmmx,19.65936693
LIMA,2007,Oct,pr,0
LIMA,2007,Oct,tmmx,20.66228381
LIMA,2007,Nov,pr,0.3951889
LIMA,2007,Nov,tmmx,22.37232166
LIMA,2007,Dec,pr,0
LIMA,2007,Dec,tmmx,24.177172390000003
LIMA,2008,Jan,pr,0.0923497
LIMA,2008,Jan,tmmx,25.92979582
LIMA,2008,Feb,pr,0.1526378
LIMA,2008,Feb,tmmx,26.967432950000003
LIMA,2008,Mar,pr,0.0742771
LIMA,2008,Mar,tmmx,26.93276103
LIMA,2008,Apr,pr,1.6080315
LIMA,2008,Apr,tmmx,25.060535610000002
LIMA,2008,May,pr,0
LIMA,2008,May,tmmx,22.05316455
LIMA,2008,Jun,pr,0
LIMA,2008,Jun,tmmx,19.861620130000002
LIMA,2008,Jul,pr,0
LIMA,2008,Jul,tmmx,19.80779365
LIMA,2008,Aug,pr,0
LIMA,2008,Aug,tmmx,19.863367120000003
LIMA,2008,Sep,pr,2.8673504
LIMA,2008,Sep,tmmx,20.41045695
LIMA,2008,Oct,pr,0
LIMA,2008,Oct,tmmx,21.453474510000003
LIMA,2008,Nov,pr,0.3988053
LIMA,2008,Nov,tmmx,22.058000640000003
LIMA,2008,Dec,pr,0
LIMA,2008,Dec,tmmx,24.619236720000004
LIMA,2009,Jan,pr,0.0966856
LIMA,2009,Jan,tmmx,25.50272451
LIMA,2009,Feb,pr,0.0822455
LIMA,2009,Feb,tmmx,27.108729699999998
LIMA,2009,Mar,pr,30.5776881
LIMA,2009,Mar,tmmx,26.693482160000002
LIMA,2009,Apr,pr,2.1663127
LIMA,2009,Apr,tmmx,25.22228233
LIMA,2009,May,pr,0
LIMA,2009,May,tmmx,22.4531973
LIMA,2009,Jun,pr,0
LIMA,2009,Jun,tmmx,20.443213280000002
LIMA,2009,Jul,pr,0.7672403
LIMA,2009,Jul,tmmx,20.319471770000003
LIMA,2009,Aug,pr,0
LIMA,2009,Aug,tmmx,19.52841652
LIMA,2009,Sep,pr,0
LIMA,2009,Sep,tmmx,20.85571442
LIMA,2009,Oct,pr,0
LIMA,2009,Oct,tmmx,21.58849196
LIMA,2009,Nov,pr,0.3951889
LIMA,2009,Nov,tmmx,23.158591700000002
LIMA,2009,Dec,pr,16.4006269
LIMA,2009,Dec,tmmx,25.10159167
LIMA,2010,Jan,pr,0
LIMA,2010,Jan,tmmx,27.090122020000003
LIMA,2010,Feb,pr,0.0406825
LIMA,2010,Feb,tmmx,28.01384581
LIMA,2010,Mar,pr,0.0742771
LIMA,2010,Mar,tmmx,27.86475421
LIMA,2010,Apr,pr,1.0414409
LIMA,2010,Apr,tmmx,25.926574490000004
LIMA,2010,May,pr,0
LIMA,2010,May,tmmx,22.785198
LIMA,2010,Jun,pr,0
LIMA,2010,Jun,tmmx,20.30885212
LIMA,2010,Jul,pr,0
LIMA,2010,Jul,tmmx,18.91394099
LIMA,2010,Aug,pr,0
LIMA,2010,Aug,tmmx,19.458652240000003
LIMA,2010,Sep,pr,0
LIMA,2010,Sep,tmmx,19.67376446
LIMA,2010,Oct,pr,0
LIMA,2010,Oct,tmmx,20.92908865
LIMA,2010,Nov,pr,0.3988053
LIMA,2010,Nov,tmmx,22.361959490000004
LIMA,2010,Dec,pr,0
LIMA,2010,Dec,tmmx,24.08915362
LIMA,2011,Jan,pr,4.4978562
LIMA,2011,Jan,tmmx,25.879351220000004
LIMA,2011,Feb,pr,63.9974964
LIMA,2011,Feb,tmmx,26.4465224
LIMA,2011,Mar,pr,0.0398086
LIMA,2011,Mar,tmmx,26.38164268
LIMA,2011,Apr,pr,1.0781405
LIMA,2011,Apr,tmmx,24.70902905
LIMA,2011,May,pr,0
LIMA,2011,May,tmmx,22.52706715
LIMA,2011,Jun,pr,0
LIMA,2011,Jun,tmmx,21.369710710000003
LIMA,2011,Jul,pr,0
LIMA,2011,Jul,tmmx,19.99522619
LIMA,2011,Aug,pr,0
LIMA,2011,Aug,tmmx,20.138307920000003
LIMA,2011,Sep,pr,0
LIMA,2011,Sep,tmmx,19.91415604
LIMA,2011,Oct,pr,0
LIMA,2011,Oct,tmmx,20.975593470000003
LIMA,2011,Nov,pr,0.4020122
LIMA,2011,Nov,tmmx,23.219776630000002
LIMA,2011,Dec,pr,0.0119151
LIMA,2011,Dec,tmmx,24.569612050000003
LIMA,2012,Jan,pr,5.745e-4
LIMA,2012,Jan,tmmx,25.73418759
LIMA,2012,Feb,pr,25.9325033
LIMA,2012,Feb,tmmx,26.34999732
LIMA,2012,Mar,pr,0.0807327
LIMA,2012,Mar,tmmx,26.88537708
LIMA,2012,Apr,pr,1.0131675
LIMA,2012,Apr,tmmx,25.652156680000004
LIMA,2012,May,pr,0
LIMA,2012,May,tmmx,22.737091980000002
LIMA,2012,Jun,pr,0
LIMA,2012,Jun,tmmx,21.105499370000004
LIMA,2012,Jul,pr,0
LIMA,2012,Jul,tmmx,20.28408838
LIMA,2012,Aug,pr,0
LIMA,2012,Aug,tmmx,19.92471327
LIMA,2012,Sep,pr,0
LIMA,2012,Sep,tmmx,20.606763900000004
LIMA,2012,Oct,pr,0
LIMA,2012,Oct,tmmx,21.590139210000004
LIMA,2012,Nov,pr,0.3668698
LIMA,2012,Nov,tmmx,22.771058880000002
LIMA,2012,Dec,pr,1.5430182
LIMA,2012,Dec,tmmx,24.35654966
LIMA,2013,Jan,pr,0.0365009
LIMA,2013,Jan,tmmx,25.341910220000003
LIMA,2013,Feb,pr,0.1286506
LIMA,2013,Feb,tmmx,25.46949285
LIMA,2013,Mar,pr,0.0139273
LIMA,2013,Mar,tmmx,26.48353196
LIMA,2013,Apr,pr,0.9305864
LIMA,2013,Apr,tmmx,24.49215615
LIMA,2013,May,pr,0
LIMA,2013,May,tmmx,22.01149932
LIMA,2013,Jun,pr,0
LIMA,2013,Jun,tmmx,20.170714020000002
LIMA,2013,Jul,pr,0
LIMA,2013,Jul,tmmx,19.13677759
LIMA,2013,Aug,pr,1.4473166
LIMA,2013,Aug,tmmx,19.379330820000003
LIMA,2013,Sep,pr,0
LIMA,2013,Sep,tmmx,20.450546220000003
LIMA,2013,Oct,pr,0
LIMA,2013,Oct,tmmx,21.6567243
LIMA,2013,Nov,pr,0.3988053
LIMA,2013,Nov,tmmx,22.6663593
LIMA,2013,Dec,pr,0
LIMA,2013,Dec,tmmx,24.78252893
LIMA,2014,Jan,pr,0.0051682
LIMA,2014,Jan,tmmx,24.614635540000002
LIMA,2014,Feb,pr,5.745e-4
LIMA,2014,Feb,tmmx,26.30602156
LIMA,2014,Mar,pr,30.5493449
LIMA,2014,Mar,tmmx,26.19206513
LIMA,2014,Apr,pr,1.9196633
LIMA,2014,Apr,tmmx,25.080430910000004
LIMA,2014,May,pr,0
LIMA,2014,May,tmmx,22.74691277
LIMA,2014,Jun,pr,0
LIMA,2014,Jun,tmmx,21.39205198
LIMA,2014,Jul,pr,0
LIMA,2014,Jul,tmmx,20.23712017
LIMA,2014,Aug,pr,0
LIMA,2014,Aug,tmmx,20.03409429
LIMA,2014,Sep,pr,0
LIMA,2014,Sep,tmmx,20.438622440000003
LIMA,2014,Oct,pr,0
LIMA,2014,Oct,tmmx,21.88172
LIMA,2014,Nov,pr,0.4032915
LIMA,2014,Nov,tmmx,23.02785352
LIMA,2014,Dec,pr,0
LIMA,2014,Dec,tmmx,25.01733683
LIMA,2015,Jan,pr,0
LIMA,2015,Jan,tmmx,26.01463675
LIMA,2015,Feb,pr,0.119768
LIMA,2015,Feb,tmmx,27.391703630000002
LIMA,2015,Mar,pr,0
LIMA,2015,Mar,tmmx,27.316723230000004
LIMA,2015,Apr,pr,1.1004953
LIMA,2015,Apr,tmmx,25.772122180000004
LIMA,2015,May,pr,0
LIMA,2015,May,tmmx,23.63276103
LIMA,2015,Jun,pr,0
LIMA,2015,Jun,tmmx,21.51112465
LIMA,2015,Jul,pr,0
LIMA,2015,Jul,tmmx,20.552034390000003
LIMA,2015,Aug,pr,0
LIMA,2015,Aug,tmmx,20.62906878
LIMA,2015,Sep,pr,0
LIMA,2015,Sep,tmmx,21.85426169
LIMA,2015,Oct,pr,0
LIMA,2015,Oct,tmmx,22.60253926
LIMA,2015,Nov,pr,0.3951889
LIMA,2015,Nov,tmmx,23.8751086
LIMA,2015,Dec,pr,0
LIMA,2015,Dec,tmmx,26.114917580000004
LIMA,2016,Jan,pr,2.888187
LIMA,2016,Jan,tmmx,27.464595400000004
LIMA,2016,Feb,pr,9.2012149
LIMA,2016,Feb,tmmx,28.496850890000005
LIMA,2016,Mar,pr,8.7763176
LIMA,2016,Mar,tmmx,28.43400529
LIMA,2016,Apr,pr,1.2920208
LIMA,2016,Apr,tmmx,25.2509045
LIMA,2016,May,pr,0.4489825
LIMA,2016,May,tmmx,22.80857801
LIMA,2016,Jun,pr,2.3260585
LIMA,2016,Jun,tmmx,20.788207370000002
LIMA,2016,Jul,pr,2.9887548
LIMA,2016,Jul,tmmx,19.87802185
LIMA,2016,Aug,pr,2.1785862
LIMA,2016,Aug,tmmx,20.241800280000003
LIMA,2016,Sep,pr,2.5808347
LIMA,2016,Sep,tmmx,21.06462896
LIMA,2016,Oct,pr,1.0952533
LIMA,2016,Oct,tmmx,22.16700204
LIMA,2016,Nov,pr,0.3950801
LIMA,2016,Nov,tmmx,23.61714286
LIMA,2016,Dec,pr,1.5246248
LIMA,2016,Dec,tmmx,25.515417210000003
LIMA,2017,Jan,pr,19.0302159
LIMA,2017,Jan,tmmx,27.07573791
LIMA,2017,Feb,pr,13.3449311
LIMA,2017,Feb,tmmx,29.3481973
LIMA,2017,Mar,pr,10.3428357
LIMA,2017,Mar,tmmx,28.74302977
LIMA,2017,Apr,pr,1.2569549
LIMA,2017,Apr,tmmx,25.381470320000002
LIMA,2017,May,pr,0.6449043
LIMA,2017,May,tmmx,22.133962600000004
LIMA,2017,Jun,pr,2.3977596
LIMA,2017,Jun,tmmx,20.74396502
LIMA,2017,Jul,pr,3.0248074
LIMA,2017,Jul,tmmx,20.189168520000003
LIMA,2017,Aug,pr,1.9908113
LIMA,2017,Aug,tmmx,20.678162810000003
LIMA,2017,Sep,pr,1.7718461
LIMA,2017,Sep,tmmx,22.32538889
LIMA,2017,Oct,pr,1.1577684
LIMA,2017,Oct,tmmx,23.98553159
LIMA,2017,Nov,pr,0.562205
LIMA,2017,Nov,tmmx,24.9684788
LIMA,2017,Dec,pr,1.1561414
LIMA,2017,Dec,tmmx,26.743081860000004
LIMA,2018,Jan,pr,4.4621755
LIMA,2018,Jan,tmmx,25.36198123
LIMA,2018,Feb,pr,6.9242865
LIMA,2018,Feb,tmmx,26.17207104
LIMA,2018,Mar,pr,6.1347733
LIMA,2018,Mar,tmmx,26.147509600000003
LIMA,2018,Apr,pr,2.2989919
LIMA,2018,Apr,tmmx,24.793051520000002
LIMA,2018,May,pr,2.6609754
LIMA,2018,May,tmmx,21.83982294
LIMA,2018,Jun,pr,552.3719669
LIMA,2018,Jun,tmmx,19.59797568
LIMA,2018,Jul,pr,31.9721642
LIMA,2018,Jul,tmmx,19.124020990000002
LIMA,2018,Aug,pr,67.2416127
LIMA,2018,Aug,tmmx,18.96269351
LIMA,2018,Sep,pr,235.3337866
LIMA,2018,Sep,tmmx,19.77872204
LIMA,2018,Oct,pr,9.0720649
LIMA,2018,Oct,tmmx,20.728259050000002
LIMA,2018,Nov,pr,0.8612103
LIMA,2018,Nov,tmmx,22.92903254
LIMA,2018,Dec,pr,1.6187183
LIMA,2018,Dec,tmmx,25.42384595
LIMA,2019,Jan,pr,10.3092625
LIMA,2019,Jan,tmmx,27.055846380000006
LIMA,2019,Feb,pr,21.2267431
LIMA,2019,Feb,tmmx,28.695654150000003
LIMA,2019,Mar,pr,11.1022834
LIMA,2019,Mar,tmmx,27.768067230000003
LIMA,2019,Apr,pr,2.1854592
LIMA,2019,Apr,tmmx,26.120135720000004
LIMA,2019,May,pr,0.7374419
LIMA,2019,May,tmmx,22.962610280000003
LIMA,2019,Jun,pr,1.7964843
LIMA,2019,Jun,tmmx,20.781382800000003
LIMA,2019,Jul,pr,2.4618211
LIMA,2019,Jul,tmmx,19.662747870000004
LIMA,2019,Aug,pr,1.4766612
LIMA,2019,Aug,tmmx,19.742109830000004
LIMA,2019,Sep,pr,3.1088195
LIMA,2019,Sep,tmmx,20.28597256
LIMA,2019,Oct,pr,0.9432948
LIMA,2019,Oct,tmmx,21.84925806
LIMA,2019,Nov,pr,0.5311877
LIMA,2019,Nov,tmmx,23.64148401
LIMA,2019,Dec,pr,2.2302091
LIMA,2019,Dec,tmmx,25.62356311
LIMA,2020,Jan,pr,3.1986683
LIMA,2020,Jan,tmmx,26.595208470000003
LIMA,2020,Feb,pr,8.0911912
LIMA,2020,Feb,tmmx,27.67909254
LIMA,2020,Mar,pr,8.8382836
LIMA,2020,Mar,tmmx,27.662528120000005
LIMA,2020,Apr,pr,0.9970575
LIMA,2020,Apr,tmmx,26.12455809
LIMA,2020,May,pr,0.1142146
LIMA,2020,May,tmmx,23.29213467
LIMA,2020,Jun,pr,0.2037117
LIMA,2020,Jun,tmmx,20.538276240000002
LIMA,2020,Jul,pr,0.2949029
LIMA,2020,Jul,tmmx,19.387741430000002
LIMA,2020,Aug,pr,0.651337
LIMA,2020,Aug,tmmx,19.431679600000002
LIMA,2020,Sep,pr,1.3962937
LIMA,2020,Sep,tmmx,20.08427323
LIMA,2020,Oct,pr,1.1948788
LIMA,2020,Oct,tmmx,21.74576744
LIMA,2020,Nov,pr,0.3849075
LIMA,2020,Nov,tmmx,22.57086396
LIMA,2020,Dec,pr,3.6654536
LIMA,2020,Dec,tmmx,24.318386580000002
